epoch,steps,cosine_pearson,cosine_spearman
1.0,269,0.7721156513534599,0.7608065062074922
2.0,538,0.8029565661015123,0.8012225515322046
3.0,807,0.8061664907705793,0.811640703654179
4.0,1076,0.8137680383683338,0.8160105076375358
