epoch,steps,cosine_pearson,cosine_spearman
0.49814126394052044,134,0.7018304103899015,0.6935502053603109
0.9962825278810409,268,0.7717090606144675,0.7599633391227523
1.4944237918215613,402,0.7854937977911531,0.7847411831965586
1.9925650557620818,536,0.8028309572974397,0.799862126120875
2.4907063197026025,670,0.8032683768480152,0.8037107276975557
2.9888475836431225,804,0.8058239812342477,0.8113971464749171
3.486988847583643,938,0.8147788794610309,0.8140395856548939
3.9851301115241635,1072,0.8137680383683338,0.8160105076375358
